Name	Arm Press	Leg Press	Arm Pull	Team	Press + Pull	Previous PB	Percent Gain
Davey	235	800	476	Men's Novice	1276	1263	1.0292953285827395
Axel	324	764	482	Men's Novice	1246	1233	1.05433901054339
Quinn	386	725	491	Men's Novice	1216	1203	1.0806317539484622
Josh	327	731	481	Men's Novice	1212	1199	1.084236864053378
Hubert	305	802	399	Men's Novice	1201	1188	1.0942760942760943
Mike R.	371	721	473	Men's Novice	1194	1181	1.100762066045724
Max	294	516	493	Men's Novice	1009	996	1.3052208835341366
